{
  "ABIRoot": {
    "kind": "Root",
    "name": "TopLevel",
    "printedName": "TopLevel",
    "children": [
      {
        "kind": "Import",
        "name": "Foundation",
        "printedName": "Foundation",
        "declKind": "Import",
        "moduleName": "ActualSDK",
        "declAttributes": [
          "RawDocComment"
        ]
      },
      {
        "kind": "Import",
        "name": "UIKit",
        "printedName": "UIKit",
        "declKind": "Import",
        "moduleName": "ActualSDK"
      },
      {
        "kind": "Import",
        "name": "Alamofire",
        "printedName": "Alamofire",
        "declKind": "Import",
        "moduleName": "ActualSDK",
        "declAttributes": [
          "ImplementationOnly"
        ]
      },
      {
        "kind": "TypeDecl",
        "name": "ActualSDK",
        "printedName": "ActualSDK",
        "children": [
          {
            "kind": "Constructor",
            "name": "init",
            "printedName": "init()",
            "children": [
              {
                "kind": "TypeNominal",
                "name": "ActualSDK",
                "printedName": "ActualSDK.ActualSDK",
                "usr": "s:9ActualSDKAAC"
              }
            ],
            "declKind": "Constructor",
            "usr": "s:9ActualSDKAACABycfc",
            "mangledName": "$s9ActualSDKAACABycfc",
            "moduleName": "ActualSDK",
            "declAttributes": [
              "AccessControl"
            ],
            "init_kind": "Designated"
          },
          {
            "kind": "Function",
            "name": "setConfig",
            "printedName": "setConfig()",
            "children": [
              {
                "kind": "TypeNominal",
                "name": "Void",
                "printedName": "()"
              }
            ],
            "declKind": "Func",
            "usr": "s:9ActualSDKAAC9setConfigyyFZ",
            "mangledName": "$s9ActualSDKAAC9setConfigyyFZ",
            "moduleName": "ActualSDK",
            "static": true,
            "declAttributes": [
              "Final",
              "AccessControl"
            ],
            "funcSelfKind": "NonMutating"
          },
          {
            "kind": "Function",
            "name": "getImage",
            "printedName": "getImage(url:controller:completion:)",
            "children": [
              {
                "kind": "TypeNominal",
                "name": "String",
                "printedName": "Swift.String",
                "usr": "s:SS"
              },
              {
                "kind": "TypeNominal",
                "name": "Optional",
                "printedName": "Swift.String?",
                "children": [
                  {
                    "kind": "TypeNominal",
                    "name": "String",
                    "printedName": "Swift.String",
                    "usr": "s:SS"
                  }
                ],
                "usr": "s:Sq"
              },
              {
                "kind": "TypeNominal",
                "name": "UIViewController",
                "printedName": "UIKit.UIViewController",
                "usr": "c:objc(cs)UIViewController"
              },
              {
                "kind": "TypeFunc",
                "name": "Function",
                "printedName": "(UIKit.UIImage?) -> ()",
                "children": [
                  {
                    "kind": "TypeNominal",
                    "name": "Void",
                    "printedName": "()"
                  },
                  {
                    "kind": "TypeNominal",
                    "name": "Optional",
                    "printedName": "UIKit.UIImage?",
                    "children": [
                      {
                        "kind": "TypeNominal",
                        "name": "UIImage",
                        "printedName": "UIKit.UIImage",
                        "usr": "c:objc(cs)UIImage"
                      }
                    ],
                    "usr": "s:Sq"
                  }
                ]
              }
            ],
            "declKind": "Func",
            "usr": "s:9ActualSDKAAC8getImage3url10controller10completionS2SSg_So16UIViewControllerCySo7UIImageCSgctF",
            "mangledName": "$s9ActualSDKAAC8getImage3url10controller10completionS2SSg_So16UIViewControllerCySo7UIImageCSgctF",
            "moduleName": "ActualSDK",
            "declAttributes": [
              "AccessControl"
            ],
            "funcSelfKind": "NonMutating"
          }
        ],
        "declKind": "Class",
        "usr": "s:9ActualSDKAAC",
        "mangledName": "$s9ActualSDKAAC",
        "moduleName": "ActualSDK",
        "declAttributes": [
          "AccessControl"
        ]
      }
    ],
    "json_format_version": 8
  },
  "ConstValues": []
}